Source IP;Destination IP;Source port;Destination port;Handshake type;Handshake version;Handshake ciphersuite;Handshake extensions;Handshake SNI;Handshake supported EC;Handshake EC type
192.168.10.160;99.86.241.9;58699;443;1;0x00000303;4865,4866,4867,49195,49196,52393,49199,49200,52392;0,23,65281,10,11,35,16,5,13,51,45,43,21;cdn.signal.org;0x0000001d,0x00000017,0x00000018;0;
192.168.10.160;99.86.241.9;58698;443;1;0x00000303;4865,4866,4867,49195,49196,52393,49199,49200,52392;0,23,65281,10,11,35,16,5,13,51,45,43,21;cdn.signal.org;0x0000001d,0x00000017,0x00000018;0;
192.168.10.160;99.86.241.9;58697;443;1;0x00000303;4865,4866,4867,49195,49196,52393,49199,49200,52392;0,23,65281,10,11,35,16,5,13,51,45,43,21;cdn.signal.org;0x0000001d,0x00000017,0x00000018;0;
99.86.241.9;192.168.10.160;443;58698;2;0x00000303;4865;43,51;;;;
99.86.241.9;192.168.10.160;443;58699;2;0x00000303;4865;43,51;;;;
99.86.241.9;192.168.10.160;443;58697;2;0x00000303;4865;43,51;;;;
192.168.10.160;142.250.186.170;58705;443;1;0x00000303;49195,49196,52393,49199,49200,52392,49161,49162,49171,49172,156,157,47,53;65281,0,23,35,13,5,16,11,10;firebaseinstallations.googleapis.com;0x0000001d,0x00000017,0x00000018;0;
142.250.186.170;192.168.10.160;443;58705;2;0x00000303;49195;23,65281,11,35,16;;;0;
142.250.186.170;192.168.10.160;443;58705;11,12,14;;;;;;;30:82:06:52:30:82:05:3a:a0:03:02:01:02:02:10:33:de:d9:b0:44:82:bd:36:05:00:00:00:00:87:4a:60:30:0d:06:09:2a:86:48:86:f7:0d:01:01:0b:05:00:30:42:31:0b:30:09:06:03:55:04:06:13:02:55:53:31:1e:30:1c:06:03:55:04:0a:13:15:47:6f:6f:67:6c:65:20:54:72:75:73:74:20:53:65:72:76:69:63:65:73:31:13:30:11:06:03:55:04:03:13:0a:47:54:53:20:43:41:20:31:4f:31:30:1e:17:0d:32:31:30:31:32:36:30:39:30:35:32:39:5a:17:0d:32:31:30:34:32:30:30:39:30:35:32:38:5a:30:71:31:0b:30:09:06:03:55:04:06:13:02:55:53:31:13:30:11:06:03:55:04:08:13:0a:43:61:6c:69:66:6f:72:6e:69:61:31:16:30:14:06:03:55:04:07:13:0d:4d:6f:75:6e:74:61:69:6e:20:56:69:65:77:31:13:30:11:06:03:55:04:0a:13:0a:47:6f:6f:67:6c:65:20:4c:4c:43:31:20:30:1e:06:03:55:04:03:13:17:75:70:6c:6f:61:64:2e:76:69:64:65:6f:2e:67:6f:6f:67:6c:65:2e:63:6f:6d:30:59:30:13:06:07:2a:86:48:ce:3d:02:01:06:08:2a:86:48:ce:3d:03:01:07:03:42:00:04:a2:d9:9f:53:a1:ed:55:34:7b:76:b4:f1:dc:79:0b:a7:19:f6:71:0b:79:a9:a3:39:24:70:21:87:16:02:ab:dd:7d:28:01:a9:83:43:8e:c5:00:0d:7c:3d:2c:5a:14:d5:1e:63:69:8e:2c:cd:84:37:15:d7:d1:15:a8:81:c0:a2:a3:82:03:de:30:82:03:da:30:0e:06:03:55:1d:0f:01:01:ff:04:04:03:02:07:80:30:13:06:03:55:1d:25:04:0c:30:0a:06:08:2b:06:01:05:05:07:03:01:30:0c:06:03:55:1d:13:01:01:ff:04:02:30:00:30:1d:06:03:55:1d:0e:04:16:04:14:be:5e:f7:b1:31:a4:f7:da:ef:bb:5a:17:2a:a0:c9:40:cb:32:be:1b:30:1f:06:03:55:1d:23:04:18:30:16:80:14:98:d1:f8:6e:10:eb:cf:9b:ec:60:9f:18:90:1b:a0:eb:7d:09:fd:2b:30:68:06:08:2b:06:01:05:05:07:01:01:04:5c:30:5a:30:2b:06:08:2b:06:01:05:05:07:30:01:86:1f:68:74:74:70:3a:2f:2f:6f:63:73:70:2e:70:6b:69:2e:67:6f:6f:67:2f:67:74:73:31:6f:31:63:6f:72:65:30:2b:06:08:2b:06:01:05:05:07:30:02:86:1f:68:74:74:70:3a:2f:2f:70:6b:69:2e:67:6f:6f:67:2f:67:73:72:32:2f:47:54:53:31:4f:31:2e:63:72:74:30:82:01:98:06:03:55:1d:11:04:82:01:8f:30:82:01:8b:82:17:75:70:6c:6f:61:64:2e:76:69:64:65:6f:2e:67:6f:6f:67:6c:65:2e:63:6f:6d:82:14:2a:2e:63:6c:69:65:6e:74:73:2e:67:6f:6f:67:6c:65:2e:63:6f:6d:82:11:2a:2e:64:6f:63:73:2e:67:6f:6f:67:6c:65:2e:63:6f:6d:82:12:2a:2e:64:72:69:76:65:2e:67:6f:6f:67:6c:65:2e:63:6f:6d:82:13:2a:2e:67:64:61:74:61:2e:79:6f:75:74:75:62:65:2e:63:6f:6d:82:10:2a:2e:67:6f:6f:67:6c:65:61:70:69:73:2e:63:6f:6d:82:13:2a:2e:70:68:6f:74:6f:73:2e:67:6f:6f:67:6c:65:2e:63:6f:6d:82:13:2a:2e:75:70:6c:6f:61:64:2e:67:6f:6f:67:6c:65:2e:63:6f:6d:82:14:2a:2e:75:70:6c:6f:61:64:2e:79:6f:75:74:75:62:65:2e:63:6f:6d:82:17:2a:2e:79:6f:75:74:75:62:65:2d:33:72:64:2d:70:61:72:74:79:2e:63:6f:6d:82:1b:62:67:2d:63:61:6c:6c:2d:64:6f:6e:61:74:69:6f:6e:2d:61:6c:70:68:61:2e:67:6f:6f:67:82:1c:62:67:2d:63:61:6c:6c:2d:64:6f:6e:61:74:69:6f:6e:2d:63:61:6e:61:72:79:2e:67:6f:6f:67:82:19:62:67:2d:63:61:6c:6c:2d:64:6f:6e:61:74:69:6f:6e:2d:64:65:76:2e:67:6f:6f:67:82:15:62:67:2d:63:61:6c:6c:2d:64:6f:6e:61:74:69:6f:6e:2e:67:6f:6f:67:82:11:75:70:6c:6f:61:64:2e:67:6f:6f:67:6c:65:2e:63:6f:6d:82:12:75:70:6c:6f:61:64:2e:79:6f:75:74:75:62:65:2e:63:6f:6d:82:1f:75:70:6c:6f:61:64:73:2e:73:74:61:67:65:2e:67:64:61:74:61:2e:79:6f:75:74:75:62:65:2e:63:6f:6d:30:21:06:03:55:1d:20:04:1a:30:18:30:08:06:06:67:81:0c:01:02:02:30:0c:06:0a:2b:06:01:04:01:d6:79:02:05:03:30:33:06:03:55:1d:1f:04:2c:30:2a:30:28:a0:26:a0:24:86:22:68:74:74:70:3a:2f:2f:63:72:6c:2e:70:6b:69:2e:67:6f:6f:67:2f:47:54:53:31:4f:31:63:6f:72:65:2e:63:72:6c:30:82:01:05:06:0a:2b:06:01:04:01:d6:79:02:04:02:04:81:f6:04:81:f3:00:f1:00:76:00:7d:3e:f2:f8:8f:ff:88:55:68:24:c2:c0:ca:9e:52:89:79:2b:c5:0e:78:09:7f:2e:6a:97:68:99:7e:22:f0:d7:00:00:01:77:3e:27:c8:10:00:00:04:03:00:47:30:45:02:20:78:8c:1a:5f:7b:3a:8c:19:45:41:64:1f:a0:b2:01:5c:b9:bf:e3:e3:bf:f6:48:2f:74:e6:ef:1f:52:5a:54:95:02:21:00:a3:1e:57:87:a6:ec:fd:09:81:d4:8b:fc:9d:75:90:c2:9a:1c:e9:96:11:65:17:a9:82:21:31:dd:61:a6:08:7c:00:77:00:44:94:65:2e:b0:ee:ce:af:c4:40:07:d8:a8:fe:28:c0:da:e6:82:be:d8:cb:31:b5:3f:d3:33:96:b5:b6:81:a8:00:00:01:77:3e:27:c6:6e:00:00:04:03:00:48:30:46:02:21:00:ac:16:35:d5:80:fa:2c:46:97:91:a5:ef:46:23:83:1b:93:fe:16:33:d7:6f:6f:f7:19:f8:20:ce:36:aa:e3:5f:02:21:00:ca:d1:b4:ae:0c:1a:39:0c:96:e2:66:9c:37:53:e2:66:af:b4:80:42:79:b2:2b:6c:f9:81:a6:29:bf:50:e9:7e:30:0d:06:09:2a:86:48:86:f7:0d:01:01:0b:05:00:03:82:01:01:00:69:71:16:32:ba:8c:81:01:a6:df:8c:8c:21:28:24:bf:6c:7d:20:e0:18:48:42:3b:68:46:8c:5b:8f:04:68:e8:58:99:d6:8a:0d:d8:7a:d3:48:8c:86:ca:5e:93:e5:93:e1:d3:62:7d:df:df:4b:33:5a:62:ec:ea:8c:5e:eb:15:87:3d:16:de:7c:1c:49:7a:76:86:b6:06:7c:25:07:79:d8:f2:f3:08:1a:f2:0a:07:a3:42:b6:81:09:5f:74:93:b6:be:8d:9a:3e:7b:d8:1c:41:ef:c9:b4:f8:a9:03:48:86:8b:67:45:1f:c9:ce:1b:d8:72:6f:f5:80:6c:c7:97:61:77:23:be:19:18:9f:ab:bf:98:e1:8b:18:4a:b4:c9:78:6d:5c:88:ac:4d:c1:2f:69:03:fe:15:3a:57:be:56:4f:82:af:45:b8:8b:2f:1b:19:d0:5d:b5:0c:33:3f:90:05:77:ac:81:3e:f7:ff:dd:0b:70:04:ba:29:95:cc:9e:35:08:bb:f6:12:77:8a:9d:4d:b1:a8:7d:ce:bc:5f:a8:4e:48:28:a0:b7:37:66:5f:8d:a6:0a:fd:32:70:38:af:ff:93:38:9d:52:1e:1b:80:9d:e1:28:fb:55:ee:ec:ef:87:b2:d9:9c:4f:19:4b:69:c4:68:bc:70:a6:19:c0:93,30:82:04:4a:30:82:03:32:a0:03:02:01:02:02:0d:01:e3:b4:9a:a1:8d:8a:a9:81:25:69:50:b8:30:0d:06:09:2a:86:48:86:f7:0d:01:01:0b:05:00:30:4c:31:20:30:1e:06:03:55:04:0b:13:17:47:6c:6f:62:61:6c:53:69:67:6e:20:52:6f:6f:74:20:43:41:20:2d:20:52:32:31:13:30:11:06:03:55:04:0a:13:0a:47:6c:6f:62:61:6c:53:69:67:6e:31:13:30:11:06:03:55:04:03:13:0a:47:6c:6f:62:61:6c:53:69:67:6e:30:1e:17:0d:31:37:30:36:31:35:30:30:30:30:34:32:5a:17:0d:32:31:31:32:31:35:30:30:30:30:34:32:5a:30:42:31:0b:30:09:06:03:55:04:06:13:02:55:53:31:1e:30:1c:06:03:55:04:0a:13:15:47:6f:6f:67:6c:65:20:54:72:75:73:74:20:53:65:72:76:69:63:65:73:31:13:30:11:06:03:55:04:03:13:0a:47:54:53:20:43:41:20:31:4f:31:30:82:01:22:30:0d:06:09:2a:86:48:86:f7:0d:01:01:01:05:00:03:82:01:0f:00:30:82:01:0a:02:82:01:01:00:d0:18:cf:45:d4:8b:cd:d3:9c:e4:40:ef:7e:b4:dd:69:21:1b:c9:cf:3c:8e:4c:75:b9:0f:31:19:84:3d:9e:3c:29:ef:50:0d:10:93:6f:05:80:80:9f:2a:a0:bd:12:4b:02:e1:3d:9f:58:16:24:fe:30:9f:0b:74:77:55:93:1d:4b:f7:4d:e1:92:82:10:f6:51:ac:0c:c3:b2:22:94:0f:34:6b:98:10:49:e7:0b:9d:83:39:dd:20:c6:1c:2d:ef:d1:18:61:65:e7:23:83:20:a8:23:12:ff:d2:24:7f:d4:2f:e7:44:6a:5b:4d:d7:50:66:b0:af:9e:42:63:05:fb:e0:1c:c4:63:61:af:9f:6a:33:ff:62:97:bd:48:d9:d3:7c:14:67:dc:75:dc:2e:69:e8:f8:6d:78:69:d0:b7:10:05:b8:f1:31:c2:3b:24:fd:1a:33:74:f8:23:e0:ec:6b:19:8a:16:c6:e3:cd:a4:cd:0b:db:b3:a4:59:60:38:88:3b:ad:1d:b9:c6:8c:a7:53:1b:fc:bc:d9:a4:ab:bc:dd:3c:61:d7:93:15:98:ee:81:bd:8f:e2:64:47:20:40:06:4e:d7:ac:97:e8:b9:c0:59:12:a1:49:25:23:e4:ed:70:34:2c:a5:b4:63:7c:f9:a3:3d:83:d1:cd:6d:24:ac:07:02:03:01:00:01:a3:82:01:33:30:82:01:2f:30:0e:06:03:55:1d:0f:01:01:ff:04:04:03:02:01:86:30:1d:06:03:55:1d:25:04:16:30:14:06:08:2b:06:01:05:05:07:03:01:06:08:2b:06:01:05:05:07:03:02:30:12:06:03:55:1d:13:01:01:ff:04:08:30:06:01:01:ff:02:01:00:30:1d:06:03:55:1d:0e:04:16:04:14:98:d1:f8:6e:10:eb:cf:9b:ec:60:9f:18:90:1b:a0:eb:7d:09:fd:2b:30:1f:06:03:55:1d:23:04:18:30:16:80:14:9b:e2:07:57:67:1c:1e:c0:6a:06:de:59:b4:9a:2d:df:dc:19:86:2e:30:35:06:08:2b:06:01:05:05:07:01:01:04:29:30:27:30:25:06:08:2b:06:01:05:05:07:30:01:86:19:68:74:74:70:3a:2f:2f:6f:63:73:70:2e:70:6b:69:2e:67:6f:6f:67:2f:67:73:72:32:30:32:06:03:55:1d:1f:04:2b:30:29:30:27:a0:25:a0:23:86:21:68:74:74:70:3a:2f:2f:63:72:6c:2e:70:6b:69:2e:67:6f:6f:67:2f:67:73:72:32:2f:67:73:72:32:2e:63:72:6c:30:3f:06:03:55:1d:20:04:38:30:36:30:34:06:06:67:81:0c:01:02:02:30:2a:30:28:06:08:2b:06:01:05:05:07:02:01:16:1c:68:74:74:70:73:3a:2f:2f:70:6b:69:2e:67:6f:6f:67:2f:72:65:70:6f:73:69:74:6f:72:79:2f:30:0d:06:09:2a:86:48:86:f7:0d:01:01:0b:05:00:03:82:01:01:00:1a:80:3e:36:79:fb:f3:2e:a9:46:37:7d:5e:54:16:35:ae:c7:4e:08:99:fe:bd:d1:34:69:26:52:66:07:3d:0a:ba:49:cb:62:f4:f1:1a:8e:fc:11:4f:68:96:4c:74:2b:d3:67:de:b2:a3:aa:05:8d:84:4d:4c:20:65:0f:a5:96:da:0d:16:f8:6c:3b:db:6f:04:23:88:6b:3a:6c:c1:60:bd:68:9f:71:8e:ee:2d:58:34:07:f0:d5:54:e9:86:59:fd:7b:5e:0d:21:94:f5:8c:c9:a8:f8:d8:f2:ad:cc:0f:1a:f3:9a:a7:a9:04:27:f9:a3:c9:b0:ff:02:78:6b:61:ba:c7:35:2b:e8:56:fa:4f:c3:1c:0c:ed:b6:3c:b4:4b:ea:ed:cc:e1:3c:ec:dc:0d:8c:d6:3e:9b:ca:42:58:8b:cc:16:21:17:40:bc:a2:d6:66:ef:da:c4:15:5b:cd:89:aa:9b:09:26:e7:32:d2:0d:6e:67:20:02:5b:10:b0:90:09:9c:0c:1f:9e:ad:d8:3b:ea:a1:fc:6c:e8:10:5c:08:52:19:51:2a:71:bb:ac:7a:b5:dd:15:ed:2b:c9:08:2a:2c:8a:b4:a6:21:ab:63:ff:d7:52:49:50:d0:89:b7:ad:f2:af:fb:50:ae:2f:e1:95:0d:f3:46:ad:9d:9c:f5:ca
192.168.10.160;13.248.212.111;58706;443;1;0x00000303;4865,4866,4867,49195,49196,52393,49199,49200,52392;0,23,65281,10,11,35,16,5,13,51,45,43,21;textsecure-service.whispersystems.org;0x0000001d,0x00000017,0x00000018;0;
13.248.212.111;192.168.10.160;443;58706;2;0x00000303;49199;65281,11,35,16;;;0,1,2;
13.248.212.111;192.168.10.160;443;58706;11,12,14;;;;;;;30:82:03:e3:30:82:02:cb:a0:03:02:01:02:02:02:10:18:30:0d:06:09:2a:86:48:86:f7:0d:01:01:0b:05:00:30:81:8d:31:0b:30:09:06:03:55:04:06:13:02:55:53:31:13:30:11:06:03:55:04:08:0c:0a:43:61:6c:69:66:6f:72:6e:69:61:31:16:30:14:06:03:55:04:07:0c:0d:53:61:6e:20:46:72:61:6e:63:69:73:63:6f:31:1d:30:1b:06:03:55:04:0a:0c:14:4f:70:65:6e:20:57:68:69:73:70:65:72:20:53:79:73:74:65:6d:73:31:1d:30:1b:06:03:55:04:0b:0c:14:4f:70:65:6e:20:57:68:69:73:70:65:72:20:53:79:73:74:65:6d:73:31:13:30:11:06:03:55:04:03:0c:0a:54:65:78:74:53:65:63:75:72:65:30:1e:17:0d:31:39:30:32:31:35:31:37:33:38:31:37:5a:17:0d:32:39:30:33:31:32:31:38:32:30:32:30:5a:30:81:90:31:0b:30:09:06:03:55:04:06:13:02:55:53:31:13:30:11:06:03:55:04:08:0c:0a:43:61:6c:69:66:6f:72:6e:69:61:31:1d:30:1b:06:03:55:04:0a:0c:14:4f:70:65:6e:20:57:68:69:73:70:65:72:20:53:79:73:74:65:6d:73:31:1d:30:1b:06:03:55:04:0b:0c:14:4f:70:65:6e:20:57:68:69:73:70:65:72:20:53:79:73:74:65:6d:73:31:2e:30:2c:06:03:55:04:03:0c:25:74:65:78:74:73:65:63:75:72:65:2d:73:65:72:76:69:63:65:2e:77:68:69:73:70:65:72:73:79:73:74:65:6d:73:2e:6f:72:67:30:82:01:22:30:0d:06:09:2a:86:48:86:f7:0d:01:01:01:05:00:03:82:01:0f:00:30:82:01:0a:02:82:01:01:00:ac:c8:11:b5:d1:45:b7:c0:a2:cb:cf:93:89:9a:80:75:b3:b0:78:70:3b:3b:bb:3a:7e:c4:03:8c:71:a9:58:87:6c:de:28:c7:88:e5:e4:b8:7d:9a:ee:a7:55:6d:1e:06:fc:5c:f7:34:0a:3c:6d:22:8e:04:09:37:f4:95:e7:78:c5:c2:3a:aa:b6:be:09:61:3b:07:cc:ab:3a:6e:01:e5:60:7e:ac:5b:75:c7:c5:e3:e3:e4:91:4a:49:25:d6:63:b9:4a:34:04:95:97:92:a4:4a:68:5a:89:82:2d:10:f1:31:bd:2a:0f:07:d6:cd:c2:ea:62:c5:9e:40:7b:48:88:13:f3:58:40:0e:b2:65:7a:50:4d:8d:1d:05:4d:25:d6:ad:29:41:e5:f3:2d:7a:a0:25:eb:53:87:34:97:af:a8:f9:b2:83:4e:d8:ac:91:a0:c0:4d:6c:8e:36:7c:f5:18:bd:64:42:39:47:f2:50:d2:36:7d:bd:ea:b2:e6:43:f9:04:3b:60:ac:65:e6:18:03:05:4f:28:34:23:4d:f3:4b:0d:5a:38:61:e6:71:44:39:61:a3:e6:5c:65:d6:a6:13:92:9d:ec:58:92:46:60:3e:9c:b9:00:c9:d4:3a:d2:28:d6:c3:51:69:ec:94:87:be:c2:f6:5f:4f:1f:7e:92:6d:02:03:01:00:01:a3:48:30:46:30:44:06:03:55:1d:11:04:3d:30:3b:82:25:74:65:78:74:73:65:63:75:72:65:2d:73:65:72:76:69:63:65:2e:77:68:69:73:70:65:72:73:79:73:74:65:6d:73:2e:6f:72:67:82:12:73:65:72:76:69:63:65:2e:73:69:67:6e:61:6c:2e:6f:72:67:30:0d:06:09:2a:86:48:86:f7:0d:01:01:0b:05:00:03:82:01:01:00:29:6b:2e:47:bc:f7:0c:3f:e1:c4:da:f4:b7:58:ec:4b:ff:28:06:d6:8f:ea:e3:37:0e:fd:56:0e:7c:0e:ea:db:28:85:37:61:43:17:c9:44:73:01:2a:70:33:00:cf:6f:a1:18:af:df:5e:2d:a0:68:86:2a:e9:fa:77:7c:bf:4e:b7:32:2b:5e:65:0d:08:1d:88:f4:fa:6e:23:88:e3:eb:15:2d:11:17:9c:39:74:9a:1c:4d:82:dd:32:37:b7:b0:88:72:f8:5b:19:4d:4e:ac:98:83:2d:b5:45:1c:4f:11:01:eb:6c:24:9c:9d:d9:85:ae:cc:1c:1d:f5:4d:e8:59:2e:19:37:38:e5:c1:02:d3:3a:22:69:a0:0a:52:2a:63:25:43:a3:95:7e:07:6b:ea:b4:53:23:5a:1c:c3:ea:b8:ff:00:f1:71:81:21:88:ba:0c:96:3c:b8:d8:0f:d6:af:05:f3:c9:43:03:91:c0:2d:64:74:e3:91:40:2e:48:b8:af:9f:8d:f8:9c:b7:18:5d:a9:4c:50:85:bc:b1:03:4b:92:c2:93:a9:51:f6:e8:c2:92:da:dd:87:45:5b:38:73:00:df:9a:d1:b3:99:64:8b:6e:04:41:97:ff:0e:aa:ea:b9:5c:b2:cd:11:42:0c:df:53:55:70:15:05:a4:a8:49,30:82:03:ef:30:82:02:d7:a0:03:02:01:02:02:09:00:89:ba:2d:ab:4a:e4:f3:62:30:0d:06:09:2a:86:48:86:f7:0d:01:01:05:05:00:30:81:8d:31:0b:30:09:06:03:55:04:06:13:02:55:53:31:13:30:11:06:03:55:04:08:0c:0a:43:61:6c:69:66:6f:72:6e:69:61:31:16:30:14:06:03:55:04:07:0c:0d:53:61:6e:20:46:72:61:6e:63:69:73:63:6f:31:1d:30:1b:06:03:55:04:0a:0c:14:4f:70:65:6e:20:57:68:69:73:70:65:72:20:53:79:73:74:65:6d:73:31:1d:30:1b:06:03:55:04:0b:0c:14:4f:70:65:6e:20:57:68:69:73:70:65:72:20:53:79:73:74:65:6d:73:31:13:30:11:06:03:55:04:03:0c:0a:54:65:78:74:53:65:63:75:72:65:30:1e:17:0d:31:33:30:33:32:35:32:32:31:38:33:35:5a:17:0d:32:33:30:33:32:33:32:32:31:38:33:35:5a:30:81:8d:31:0b:30:09:06:03:55:04:06:13:02:55:53:31:13:30:11:06:03:55:04:08:0c:0a:43:61:6c:69:66:6f:72:6e:69:61:31:16:30:14:06:03:55:04:07:0c:0d:53:61:6e:20:46:72:61:6e:63:69:73:63:6f:31:1d:30:1b:06:03:55:04:0a:0c:14:4f:70:65:6e:20:57:68:69:73:70:65:72:20:53:79:73:74:65:6d:73:31:1d:30:1b:06:03:55:04:0b:0c:14:4f:70:65:6e:20:57:68:69:73:70:65:72:20:53:79:73:74:65:6d:73:31:13:30:11:06:03:55:04:03:0c:0a:54:65:78:74:53:65:63:75:72:65:30:82:01:22:30:0d:06:09:2a:86:48:86:f7:0d:01:01:01:05:00:03:82:01:0f:00:30:82:01:0a:02:82:01:01:00:c1:49:60:69:38:20:43:17:48:b8:ab:67:78:8c:05:e4:49:75:06:a5:b7:96:ba:05:4f:40:28:da:2f:aa:83:f5:00:ce:c5:e5:b5:69:fb:df:3e:8f:3a:de:2e:82:ae:ad:4a:0f:11:e9:07:7e:84:c3:35:5c:8f:02:e4:15:32:0c:7a:8e:ed:f6:cd:45:42:89:40:b7:79:84:ad:5d:94:d2:f8:9e:e9:57:ac:fb:28:fa:82:b4:9f:c7:02:03:01:c7:6c:2a:62:34:6b:54:90:09:99:6b:dd:0d:6d:70:70:24:00:a1:51:c5:83:5a:c0:00:f2:a6:ce:41:f9:99:aa:72:07:fa:e7:74:d7:4b:9f:f4:20:f3:d0:2e:87:0b:9f:c1:96:2f:03:98:36:76:1f:06:f2:0b:28:33:08:b6:66:53:b4:46:ee:71:d8:a0:c4:40:3d:99:f2:2f:bc:70:03:11:bb:5e:2e:d5:60:c0:19:bd:47:9b:d5:be:dc:2b:0f:a0:82:c4:8d:e9:80:7e:c4:1f:b9:0c:3f:43:9d:f7:7c:0b:8a:cb:e7:d7:28:47:63:b1:6e:62:5a:e4:62:a7:64:32:f5:94:ac:aa:00:49:5c:38:8d:be:bd:bd:a7:89:09:47:54:f8:70:a8:5c:e4:8f:d4:f4:1c:2f:a5:9e:9c:d0:87:02:03:01:00:01:a3:50:30:4e:30:1d:06:03:55:1d:0e:04:16:04:14:01:8b:18:f1:3f:fb:39:19:44:6e:85:86:be:94:65:32:a7:32:3c:90:30:1f:06:03:55:1d:23:04:18:30:16:80:14:01:8b:18:f1:3f:fb:39:19:44:6e:85:86:be:94:65:32:a7:32:3c:90:30:0c:06:03:55:1d:13:04:05:30:03:01:01:ff:30:0d:06:09:2a:86:48:86:f7:0d:01:01:05:05:00:03:82:01:01:00:7e:1e:be:21:0b:9e:a6:d0:bb:c9:02:ed:51:2b:a3:6e:3c:36:d3:30:43:7b:fe:33:28:8c:51:f1:1f:83:f7:5c:f1:5f:ba:98:d1:f9:b9:03:ab:4a:4f:39:4e:89:8c:8c:67:ac:3d:57:0f:f1:15:99:34:da:4d:56:39:88:e8:5e:ca:fe:d4:cc:93:9e:7d:bd:a9:2c:e7:3d:aa:cb:af:23:87:e7:68:44:a1:f5:b8:73:96:7f:8b:5f:1b:42:ad:13:c6:86:4c:40:d4:83:08:a3:72:7f:b3:65:85:fc:a5:58:67:27:22:bb:a6:f8:b9:b2:7d:d5:73:c0:b8:13:59:c0:89:ae:83:bf:ec:ad:6b:db:a6:4d:21:ab:a0:3a:cf:5e:34:59:35:52:2a:d2:46:ec:43:f8:d6:42:5e:fe:81:78:ba:c6:39:27:b2:cf:93:12:b7:2d:6c:cc:26:76:f9:10:82:43:99:1b:f2:1f:ca:72:47:05:a0:e9:09:ba:aa:21:85:68:8e:27:2f:c4:14:e0:b6:b5:c7:67:a7:e0:31:97:45:a2:cc:3d:1c:23:10:b3:60:40:fa:1d:47:7f:33:a0:23:2e:03:c8:07:65:f6:58:62:86:7b:0f:b4:35:c0:d5:22:54:77:31:b8:5a:c4:78:16:98:25:b2:c4:af:02:d5
192.168.10.160;13.248.212.111;58710;443;1;0x00000303;4865,4866,4867,49195,49196,52393,49199,49200,52392;0,23,65281,10,11,35,16,5,13,51,45,43,21;textsecure-service.whispersystems.org;0x0000001d,0x00000017,0x00000018;0;
13.248.212.111;192.168.10.160;443;58710;2;0x00000303;49199;65281,11,35,16;;;0,1,2;
13.248.212.111;192.168.10.160;443;58710;11,12,14;;;;;;;30:82:03:e3:30:82:02:cb:a0:03:02:01:02:02:02:10:18:30:0d:06:09:2a:86:48:86:f7:0d:01:01:0b:05:00:30:81:8d:31:0b:30:09:06:03:55:04:06:13:02:55:53:31:13:30:11:06:03:55:04:08:0c:0a:43:61:6c:69:66:6f:72:6e:69:61:31:16:30:14:06:03:55:04:07:0c:0d:53:61:6e:20:46:72:61:6e:63:69:73:63:6f:31:1d:30:1b:06:03:55:04:0a:0c:14:4f:70:65:6e:20:57:68:69:73:70:65:72:20:53:79:73:74:65:6d:73:31:1d:30:1b:06:03:55:04:0b:0c:14:4f:70:65:6e:20:57:68:69:73:70:65:72:20:53:79:73:74:65:6d:73:31:13:30:11:06:03:55:04:03:0c:0a:54:65:78:74:53:65:63:75:72:65:30:1e:17:0d:31:39:30:32:31:35:31:37:33:38:31:37:5a:17:0d:32:39:30:33:31:32:31:38:32:30:32:30:5a:30:81:90:31:0b:30:09:06:03:55:04:06:13:02:55:53:31:13:30:11:06:03:55:04:08:0c:0a:43:61:6c:69:66:6f:72:6e:69:61:31:1d:30:1b:06:03:55:04:0a:0c:14:4f:70:65:6e:20:57:68:69:73:70:65:72:20:53:79:73:74:65:6d:73:31:1d:30:1b:06:03:55:04:0b:0c:14:4f:70:65:6e:20:57:68:69:73:70:65:72:20:53:79:73:74:65:6d:73:31:2e:30:2c:06:03:55:04:03:0c:25:74:65:78:74:73:65:63:75:72:65:2d:73:65:72:76:69:63:65:2e:77:68:69:73:70:65:72:73:79:73:74:65:6d:73:2e:6f:72:67:30:82:01:22:30:0d:06:09:2a:86:48:86:f7:0d:01:01:01:05:00:03:82:01:0f:00:30:82:01:0a:02:82:01:01:00:ac:c8:11:b5:d1:45:b7:c0:a2:cb:cf:93:89:9a:80:75:b3:b0:78:70:3b:3b:bb:3a:7e:c4:03:8c:71:a9:58:87:6c:de:28:c7:88:e5:e4:b8:7d:9a:ee:a7:55:6d:1e:06:fc:5c:f7:34:0a:3c:6d:22:8e:04:09:37:f4:95:e7:78:c5:c2:3a:aa:b6:be:09:61:3b:07:cc:ab:3a:6e:01:e5:60:7e:ac:5b:75:c7:c5:e3:e3:e4:91:4a:49:25:d6:63:b9:4a:34:04:95:97:92:a4:4a:68:5a:89:82:2d:10:f1:31:bd:2a:0f:07:d6:cd:c2:ea:62:c5:9e:40:7b:48:88:13:f3:58:40:0e:b2:65:7a:50:4d:8d:1d:05:4d:25:d6:ad:29:41:e5:f3:2d:7a:a0:25:eb:53:87:34:97:af:a8:f9:b2:83:4e:d8:ac:91:a0:c0:4d:6c:8e:36:7c:f5:18:bd:64:42:39:47:f2:50:d2:36:7d:bd:ea:b2:e6:43:f9:04:3b:60:ac:65:e6:18:03:05:4f:28:34:23:4d:f3:4b:0d:5a:38:61:e6:71:44:39:61:a3:e6:5c:65:d6:a6:13:92:9d:ec:58:92:46:60:3e:9c:b9:00:c9:d4:3a:d2:28:d6:c3:51:69:ec:94:87:be:c2:f6:5f:4f:1f:7e:92:6d:02:03:01:00:01:a3:48:30:46:30:44:06:03:55:1d:11:04:3d:30:3b:82:25:74:65:78:74:73:65:63:75:72:65:2d:73:65:72:76:69:63:65:2e:77:68:69:73:70:65:72:73:79:73:74:65:6d:73:2e:6f:72:67:82:12:73:65:72:76:69:63:65:2e:73:69:67:6e:61:6c:2e:6f:72:67:30:0d:06:09:2a:86:48:86:f7:0d:01:01:0b:05:00:03:82:01:01:00:29:6b:2e:47:bc:f7:0c:3f:e1:c4:da:f4:b7:58:ec:4b:ff:28:06:d6:8f:ea:e3:37:0e:fd:56:0e:7c:0e:ea:db:28:85:37:61:43:17:c9:44:73:01:2a:70:33:00:cf:6f:a1:18:af:df:5e:2d:a0:68:86:2a:e9:fa:77:7c:bf:4e:b7:32:2b:5e:65:0d:08:1d:88:f4:fa:6e:23:88:e3:eb:15:2d:11:17:9c:39:74:9a:1c:4d:82:dd:32:37:b7:b0:88:72:f8:5b:19:4d:4e:ac:98:83:2d:b5:45:1c:4f:11:01:eb:6c:24:9c:9d:d9:85:ae:cc:1c:1d:f5:4d:e8:59:2e:19:37:38:e5:c1:02:d3:3a:22:69:a0:0a:52:2a:63:25:43:a3:95:7e:07:6b:ea:b4:53:23:5a:1c:c3:ea:b8:ff:00:f1:71:81:21:88:ba:0c:96:3c:b8:d8:0f:d6:af:05:f3:c9:43:03:91:c0:2d:64:74:e3:91:40:2e:48:b8:af:9f:8d:f8:9c:b7:18:5d:a9:4c:50:85:bc:b1:03:4b:92:c2:93:a9:51:f6:e8:c2:92:da:dd:87:45:5b:38:73:00:df:9a:d1:b3:99:64:8b:6e:04:41:97:ff:0e:aa:ea:b9:5c:b2:cd:11:42:0c:df:53:55:70:15:05:a4:a8:49,30:82:03:ef:30:82:02:d7:a0:03:02:01:02:02:09:00:89:ba:2d:ab:4a:e4:f3:62:30:0d:06:09:2a:86:48:86:f7:0d:01:01:05:05:00:30:81:8d:31:0b:30:09:06:03:55:04:06:13:02:55:53:31:13:30:11:06:03:55:04:08:0c:0a:43:61:6c:69:66:6f:72:6e:69:61:31:16:30:14:06:03:55:04:07:0c:0d:53:61:6e:20:46:72:61:6e:63:69:73:63:6f:31:1d:30:1b:06:03:55:04:0a:0c:14:4f:70:65:6e:20:57:68:69:73:70:65:72:20:53:79:73:74:65:6d:73:31:1d:30:1b:06:03:55:04:0b:0c:14:4f:70:65:6e:20:57:68:69:73:70:65:72:20:53:79:73:74:65:6d:73:31:13:30:11:06:03:55:04:03:0c:0a:54:65:78:74:53:65:63:75:72:65:30:1e:17:0d:31:33:30:33:32:35:32:32:31:38:33:35:5a:17:0d:32:33:30:33:32:33:32:32:31:38:33:35:5a:30:81:8d:31:0b:30:09:06:03:55:04:06:13:02:55:53:31:13:30:11:06:03:55:04:08:0c:0a:43:61:6c:69:66:6f:72:6e:69:61:31:16:30:14:06:03:55:04:07:0c:0d:53:61:6e:20:46:72:61:6e:63:69:73:63:6f:31:1d:30:1b:06:03:55:04:0a:0c:14:4f:70:65:6e:20:57:68:69:73:70:65:72:20:53:79:73:74:65:6d:73:31:1d:30:1b:06:03:55:04:0b:0c:14:4f:70:65:6e:20:57:68:69:73:70:65:72:20:53:79:73:74:65:6d:73:31:13:30:11:06:03:55:04:03:0c:0a:54:65:78:74:53:65:63:75:72:65:30:82:01:22:30:0d:06:09:2a:86:48:86:f7:0d:01:01:01:05:00:03:82:01:0f:00:30:82:01:0a:02:82:01:01:00:c1:49:60:69:38:20:43:17:48:b8:ab:67:78:8c:05:e4:49:75:06:a5:b7:96:ba:05:4f:40:28:da:2f:aa:83:f5:00:ce:c5:e5:b5:69:fb:df:3e:8f:3a:de:2e:82:ae:ad:4a:0f:11:e9:07:7e:84:c3:35:5c:8f:02:e4:15:32:0c:7a:8e:ed:f6:cd:45:42:89:40:b7:79:84:ad:5d:94:d2:f8:9e:e9:57:ac:fb:28:fa:82:b4:9f:c7:02:03:01:c7:6c:2a:62:34:6b:54:90:09:99:6b:dd:0d:6d:70:70:24:00:a1:51:c5:83:5a:c0:00:f2:a6:ce:41:f9:99:aa:72:07:fa:e7:74:d7:4b:9f:f4:20:f3:d0:2e:87:0b:9f:c1:96:2f:03:98:36:76:1f:06:f2:0b:28:33:08:b6:66:53:b4:46:ee:71:d8:a0:c4:40:3d:99:f2:2f:bc:70:03:11:bb:5e:2e:d5:60:c0:19:bd:47:9b:d5:be:dc:2b:0f:a0:82:c4:8d:e9:80:7e:c4:1f:b9:0c:3f:43:9d:f7:7c:0b:8a:cb:e7:d7:28:47:63:b1:6e:62:5a:e4:62:a7:64:32:f5:94:ac:aa:00:49:5c:38:8d:be:bd:bd:a7:89:09:47:54:f8:70:a8:5c:e4:8f:d4:f4:1c:2f:a5:9e:9c:d0:87:02:03:01:00:01:a3:50:30:4e:30:1d:06:03:55:1d:0e:04:16:04:14:01:8b:18:f1:3f:fb:39:19:44:6e:85:86:be:94:65:32:a7:32:3c:90:30:1f:06:03:55:1d:23:04:18:30:16:80:14:01:8b:18:f1:3f:fb:39:19:44:6e:85:86:be:94:65:32:a7:32:3c:90:30:0c:06:03:55:1d:13:04:05:30:03:01:01:ff:30:0d:06:09:2a:86:48:86:f7:0d:01:01:05:05:00:03:82:01:01:00:7e:1e:be:21:0b:9e:a6:d0:bb:c9:02:ed:51:2b:a3:6e:3c:36:d3:30:43:7b:fe:33:28:8c:51:f1:1f:83:f7:5c:f1:5f:ba:98:d1:f9:b9:03:ab:4a:4f:39:4e:89:8c:8c:67:ac:3d:57:0f:f1:15:99:34:da:4d:56:39:88:e8:5e:ca:fe:d4:cc:93:9e:7d:bd:a9:2c:e7:3d:aa:cb:af:23:87:e7:68:44:a1:f5:b8:73:96:7f:8b:5f:1b:42:ad:13:c6:86:4c:40:d4:83:08:a3:72:7f:b3:65:85:fc:a5:58:67:27:22:bb:a6:f8:b9:b2:7d:d5:73:c0:b8:13:59:c0:89:ae:83:bf:ec:ad:6b:db:a6:4d:21:ab:a0:3a:cf:5e:34:59:35:52:2a:d2:46:ec:43:f8:d6:42:5e:fe:81:78:ba:c6:39:27:b2:cf:93:12:b7:2d:6c:cc:26:76:f9:10:82:43:99:1b:f2:1f:ca:72:47:05:a0:e9:09:ba:aa:21:85:68:8e:27:2f:c4:14:e0:b6:b5:c7:67:a7:e0:31:97:45:a2:cc:3d:1c:23:10:b3:60:40:fa:1d:47:7f:33:a0:23:2e:03:c8:07:65:f6:58:62:86:7b:0f:b4:35:c0:d5:22:54:77:31:b8:5a:c4:78:16:98:25:b2:c4:af:02:d5
192.168.10.160;13.248.212.111;58712;443;1;0x00000303;4865,4866,4867,49195,49196,52393,49199,49200,52392;0,23,65281,10,11,35,16,5,13,51,45,43,21;textsecure-service.whispersystems.org;0x0000001d,0x00000017,0x00000018;0;
13.248.212.111;192.168.10.160;443;58712;2;0x00000303;49199;65281,11,35,16;;;0,1,2;
13.248.212.111;192.168.10.160;443;58712;11,12,14;;;;;;;30:82:03:e3:30:82:02:cb:a0:03:02:01:02:02:02:10:18:30:0d:06:09:2a:86:48:86:f7:0d:01:01:0b:05:00:30:81:8d:31:0b:30:09:06:03:55:04:06:13:02:55:53:31:13:30:11:06:03:55:04:08:0c:0a:43:61:6c:69:66:6f:72:6e:69:61:31:16:30:14:06:03:55:04:07:0c:0d:53:61:6e:20:46:72:61:6e:63:69:73:63:6f:31:1d:30:1b:06:03:55:04:0a:0c:14:4f:70:65:6e:20:57:68:69:73:70:65:72:20:53:79:73:74:65:6d:73:31:1d:30:1b:06:03:55:04:0b:0c:14:4f:70:65:6e:20:57:68:69:73:70:65:72:20:53:79:73:74:65:6d:73:31:13:30:11:06:03:55:04:03:0c:0a:54:65:78:74:53:65:63:75:72:65:30:1e:17:0d:31:39:30:32:31:35:31:37:33:38:31:37:5a:17:0d:32:39:30:33:31:32:31:38:32:30:32:30:5a:30:81:90:31:0b:30:09:06:03:55:04:06:13:02:55:53:31:13:30:11:06:03:55:04:08:0c:0a:43:61:6c:69:66:6f:72:6e:69:61:31:1d:30:1b:06:03:55:04:0a:0c:14:4f:70:65:6e:20:57:68:69:73:70:65:72:20:53:79:73:74:65:6d:73:31:1d:30:1b:06:03:55:04:0b:0c:14:4f:70:65:6e:20:57:68:69:73:70:65:72:20:53:79:73:74:65:6d:73:31:2e:30:2c:06:03:55:04:03:0c:25:74:65:78:74:73:65:63:75:72:65:2d:73:65:72:76:69:63:65:2e:77:68:69:73:70:65:72:73:79:73:74:65:6d:73:2e:6f:72:67:30:82:01:22:30:0d:06:09:2a:86:48:86:f7:0d:01:01:01:05:00:03:82:01:0f:00:30:82:01:0a:02:82:01:01:00:ac:c8:11:b5:d1:45:b7:c0:a2:cb:cf:93:89:9a:80:75:b3:b0:78:70:3b:3b:bb:3a:7e:c4:03:8c:71:a9:58:87:6c:de:28:c7:88:e5:e4:b8:7d:9a:ee:a7:55:6d:1e:06:fc:5c:f7:34:0a:3c:6d:22:8e:04:09:37:f4:95:e7:78:c5:c2:3a:aa:b6:be:09:61:3b:07:cc:ab:3a:6e:01:e5:60:7e:ac:5b:75:c7:c5:e3:e3:e4:91:4a:49:25:d6:63:b9:4a:34:04:95:97:92:a4:4a:68:5a:89:82:2d:10:f1:31:bd:2a:0f:07:d6:cd:c2:ea:62:c5:9e:40:7b:48:88:13:f3:58:40:0e:b2:65:7a:50:4d:8d:1d:05:4d:25:d6:ad:29:41:e5:f3:2d:7a:a0:25:eb:53:87:34:97:af:a8:f9:b2:83:4e:d8:ac:91:a0:c0:4d:6c:8e:36:7c:f5:18:bd:64:42:39:47:f2:50:d2:36:7d:bd:ea:b2:e6:43:f9:04:3b:60:ac:65:e6:18:03:05:4f:28:34:23:4d:f3:4b:0d:5a:38:61:e6:71:44:39:61:a3:e6:5c:65:d6:a6:13:92:9d:ec:58:92:46:60:3e:9c:b9:00:c9:d4:3a:d2:28:d6:c3:51:69:ec:94:87:be:c2:f6:5f:4f:1f:7e:92:6d:02:03:01:00:01:a3:48:30:46:30:44:06:03:55:1d:11:04:3d:30:3b:82:25:74:65:78:74:73:65:63:75:72:65:2d:73:65:72:76:69:63:65:2e:77:68:69:73:70:65:72:73:79:73:74:65:6d:73:2e:6f:72:67:82:12:73:65:72:76:69:63:65:2e:73:69:67:6e:61:6c:2e:6f:72:67:30:0d:06:09:2a:86:48:86:f7:0d:01:01:0b:05:00:03:82:01:01:00:29:6b:2e:47:bc:f7:0c:3f:e1:c4:da:f4:b7:58:ec:4b:ff:28:06:d6:8f:ea:e3:37:0e:fd:56:0e:7c:0e:ea:db:28:85:37:61:43:17:c9:44:73:01:2a:70:33:00:cf:6f:a1:18:af:df:5e:2d:a0:68:86:2a:e9:fa:77:7c:bf:4e:b7:32:2b:5e:65:0d:08:1d:88:f4:fa:6e:23:88:e3:eb:15:2d:11:17:9c:39:74:9a:1c:4d:82:dd:32:37:b7:b0:88:72:f8:5b:19:4d:4e:ac:98:83:2d:b5:45:1c:4f:11:01:eb:6c:24:9c:9d:d9:85:ae:cc:1c:1d:f5:4d:e8:59:2e:19:37:38:e5:c1:02:d3:3a:22:69:a0:0a:52:2a:63:25:43:a3:95:7e:07:6b:ea:b4:53:23:5a:1c:c3:ea:b8:ff:00:f1:71:81:21:88:ba:0c:96:3c:b8:d8:0f:d6:af:05:f3:c9:43:03:91:c0:2d:64:74:e3:91:40:2e:48:b8:af:9f:8d:f8:9c:b7:18:5d:a9:4c:50:85:bc:b1:03:4b:92:c2:93:a9:51:f6:e8:c2:92:da:dd:87:45:5b:38:73:00:df:9a:d1:b3:99:64:8b:6e:04:41:97:ff:0e:aa:ea:b9:5c:b2:cd:11:42:0c:df:53:55:70:15:05:a4:a8:49,30:82:03:ef:30:82:02:d7:a0:03:02:01:02:02:09:00:89:ba:2d:ab:4a:e4:f3:62:30:0d:06:09:2a:86:48:86:f7:0d:01:01:05:05:00:30:81:8d:31:0b:30:09:06:03:55:04:06:13:02:55:53:31:13:30:11:06:03:55:04:08:0c:0a:43:61:6c:69:66:6f:72:6e:69:61:31:16:30:14:06:03:55:04:07:0c:0d:53:61:6e:20:46:72:61:6e:63:69:73:63:6f:31:1d:30:1b:06:03:55:04:0a:0c:14:4f:70:65:6e:20:57:68:69:73:70:65:72:20:53:79:73:74:65:6d:73:31:1d:30:1b:06:03:55:04:0b:0c:14:4f:70:65:6e:20:57:68:69:73:70:65:72:20:53:79:73:74:65:6d:73:31:13:30:11:06:03:55:04:03:0c:0a:54:65:78:74:53:65:63:75:72:65:30:1e:17:0d:31:33:30:33:32:35:32:32:31:38:33:35:5a:17:0d:32:33:30:33:32:33:32:32:31:38:33:35:5a:30:81:8d:31:0b:30:09:06:03:55:04:06:13:02:55:53:31:13:30:11:06:03:55:04:08:0c:0a:43:61:6c:69:66:6f:72:6e:69:61:31:16:30:14:06:03:55:04:07:0c:0d:53:61:6e:20:46:72:61:6e:63:69:73:63:6f:31:1d:30:1b:06:03:55:04:0a:0c:14:4f:70:65:6e:20:57:68:69:73:70:65:72:20:53:79:73:74:65:6d:73:31:1d:30:1b:06:03:55:04:0b:0c:14:4f:70:65:6e:20:57:68:69:73:70:65:72:20:53:79:73:74:65:6d:73:31:13:30:11:06:03:55:04:03:0c:0a:54:65:78:74:53:65:63:75:72:65:30:82:01:22:30:0d:06:09:2a:86:48:86:f7:0d:01:01:01:05:00:03:82:01:0f:00:30:82:01:0a:02:82:01:01:00:c1:49:60:69:38:20:43:17:48:b8:ab:67:78:8c:05:e4:49:75:06:a5:b7:96:ba:05:4f:40:28:da:2f:aa:83:f5:00:ce:c5:e5:b5:69:fb:df:3e:8f:3a:de:2e:82:ae:ad:4a:0f:11:e9:07:7e:84:c3:35:5c:8f:02:e4:15:32:0c:7a:8e:ed:f6:cd:45:42:89:40:b7:79:84:ad:5d:94:d2:f8:9e:e9:57:ac:fb:28:fa:82:b4:9f:c7:02:03:01:c7:6c:2a:62:34:6b:54:90:09:99:6b:dd:0d:6d:70:70:24:00:a1:51:c5:83:5a:c0:00:f2:a6:ce:41:f9:99:aa:72:07:fa:e7:74:d7:4b:9f:f4:20:f3:d0:2e:87:0b:9f:c1:96:2f:03:98:36:76:1f:06:f2:0b:28:33:08:b6:66:53:b4:46:ee:71:d8:a0:c4:40:3d:99:f2:2f:bc:70:03:11:bb:5e:2e:d5:60:c0:19:bd:47:9b:d5:be:dc:2b:0f:a0:82:c4:8d:e9:80:7e:c4:1f:b9:0c:3f:43:9d:f7:7c:0b:8a:cb:e7:d7:28:47:63:b1:6e:62:5a:e4:62:a7:64:32:f5:94:ac:aa:00:49:5c:38:8d:be:bd:bd:a7:89:09:47:54:f8:70:a8:5c:e4:8f:d4:f4:1c:2f:a5:9e:9c:d0:87:02:03:01:00:01:a3:50:30:4e:30:1d:06:03:55:1d:0e:04:16:04:14:01:8b:18:f1:3f:fb:39:19:44:6e:85:86:be:94:65:32:a7:32:3c:90:30:1f:06:03:55:1d:23:04:18:30:16:80:14:01:8b:18:f1:3f:fb:39:19:44:6e:85:86:be:94:65:32:a7:32:3c:90:30:0c:06:03:55:1d:13:04:05:30:03:01:01:ff:30:0d:06:09:2a:86:48:86:f7:0d:01:01:05:05:00:03:82:01:01:00:7e:1e:be:21:0b:9e:a6:d0:bb:c9:02:ed:51:2b:a3:6e:3c:36:d3:30:43:7b:fe:33:28:8c:51:f1:1f:83:f7:5c:f1:5f:ba:98:d1:f9:b9:03:ab:4a:4f:39:4e:89:8c:8c:67:ac:3d:57:0f:f1:15:99:34:da:4d:56:39:88:e8:5e:ca:fe:d4:cc:93:9e:7d:bd:a9:2c:e7:3d:aa:cb:af:23:87:e7:68:44:a1:f5:b8:73:96:7f:8b:5f:1b:42:ad:13:c6:86:4c:40:d4:83:08:a3:72:7f:b3:65:85:fc:a5:58:67:27:22:bb:a6:f8:b9:b2:7d:d5:73:c0:b8:13:59:c0:89:ae:83:bf:ec:ad:6b:db:a6:4d:21:ab:a0:3a:cf:5e:34:59:35:52:2a:d2:46:ec:43:f8:d6:42:5e:fe:81:78:ba:c6:39:27:b2:cf:93:12:b7:2d:6c:cc:26:76:f9:10:82:43:99:1b:f2:1f:ca:72:47:05:a0:e9:09:ba:aa:21:85:68:8e:27:2f:c4:14:e0:b6:b5:c7:67:a7:e0:31:97:45:a2:cc:3d:1c:23:10:b3:60:40:fa:1d:47:7f:33:a0:23:2e:03:c8:07:65:f6:58:62:86:7b:0f:b4:35:c0:d5:22:54:77:31:b8:5a:c4:78:16:98:25:b2:c4:af:02:d5
192.168.10.160;13.248.212.111;58713;443;1;0x00000303;4865,4866,4867,49195,49196,52393,49199,49200,52392;0,23,65281,10,11,35,16,5,13,51,45,43,21;textsecure-service.whispersystems.org;0x0000001d,0x00000017,0x00000018;0;
13.248.212.111;192.168.10.160;443;58713;2;0x00000303;49199;65281,11,35,16;;;0,1,2;
13.248.212.111;192.168.10.160;443;58713;11,12,14;;;;;;;30:82:03:e3:30:82:02:cb:a0:03:02:01:02:02:02:10:18:30:0d:06:09:2a:86:48:86:f7:0d:01:01:0b:05:00:30:81:8d:31:0b:30:09:06:03:55:04:06:13:02:55:53:31:13:30:11:06:03:55:04:08:0c:0a:43:61:6c:69:66:6f:72:6e:69:61:31:16:30:14:06:03:55:04:07:0c:0d:53:61:6e:20:46:72:61:6e:63:69:73:63:6f:31:1d:30:1b:06:03:55:04:0a:0c:14:4f:70:65:6e:20:57:68:69:73:70:65:72:20:53:79:73:74:65:6d:73:31:1d:30:1b:06:03:55:04:0b:0c:14:4f:70:65:6e:20:57:68:69:73:70:65:72:20:53:79:73:74:65:6d:73:31:13:30:11:06:03:55:04:03:0c:0a:54:65:78:74:53:65:63:75:72:65:30:1e:17:0d:31:39:30:32:31:35:31:37:33:38:31:37:5a:17:0d:32:39:30:33:31:32:31:38:32:30:32:30:5a:30:81:90:31:0b:30:09:06:03:55:04:06:13:02:55:53:31:13:30:11:06:03:55:04:08:0c:0a:43:61:6c:69:66:6f:72:6e:69:61:31:1d:30:1b:06:03:55:04:0a:0c:14:4f:70:65:6e:20:57:68:69:73:70:65:72:20:53:79:73:74:65:6d:73:31:1d:30:1b:06:03:55:04:0b:0c:14:4f:70:65:6e:20:57:68:69:73:70:65:72:20:53:79:73:74:65:6d:73:31:2e:30:2c:06:03:55:04:03:0c:25:74:65:78:74:73:65:63:75:72:65:2d:73:65:72:76:69:63:65:2e:77:68:69:73:70:65:72:73:79:73:74:65:6d:73:2e:6f:72:67:30:82:01:22:30:0d:06:09:2a:86:48:86:f7:0d:01:01:01:05:00:03:82:01:0f:00:30:82:01:0a:02:82:01:01:00:ac:c8:11:b5:d1:45:b7:c0:a2:cb:cf:93:89:9a:80:75:b3:b0:78:70:3b:3b:bb:3a:7e:c4:03:8c:71:a9:58:87:6c:de:28:c7:88:e5:e4:b8:7d:9a:ee:a7:55:6d:1e:06:fc:5c:f7:34:0a:3c:6d:22:8e:04:09:37:f4:95:e7:78:c5:c2:3a:aa:b6:be:09:61:3b:07:cc:ab:3a:6e:01:e5:60:7e:ac:5b:75:c7:c5:e3:e3:e4:91:4a:49:25:d6:63:b9:4a:34:04:95:97:92:a4:4a:68:5a:89:82:2d:10:f1:31:bd:2a:0f:07:d6:cd:c2:ea:62:c5:9e:40:7b:48:88:13:f3:58:40:0e:b2:65:7a:50:4d:8d:1d:05:4d:25:d6:ad:29:41:e5:f3:2d:7a:a0:25:eb:53:87:34:97:af:a8:f9:b2:83:4e:d8:ac:91:a0:c0:4d:6c:8e:36:7c:f5:18:bd:64:42:39:47:f2:50:d2:36:7d:bd:ea:b2:e6:43:f9:04:3b:60:ac:65:e6:18:03:05:4f:28:34:23:4d:f3:4b:0d:5a:38:61:e6:71:44:39:61:a3:e6:5c:65:d6:a6:13:92:9d:ec:58:92:46:60:3e:9c:b9:00:c9:d4:3a:d2:28:d6:c3:51:69:ec:94:87:be:c2:f6:5f:4f:1f:7e:92:6d:02:03:01:00:01:a3:48:30:46:30:44:06:03:55:1d:11:04:3d:30:3b:82:25:74:65:78:74:73:65:63:75:72:65:2d:73:65:72:76:69:63:65:2e:77:68:69:73:70:65:72:73:79:73:74:65:6d:73:2e:6f:72:67:82:12:73:65:72:76:69:63:65:2e:73:69:67:6e:61:6c:2e:6f:72:67:30:0d:06:09:2a:86:48:86:f7:0d:01:01:0b:05:00:03:82:01:01:00:29:6b:2e:47:bc:f7:0c:3f:e1:c4:da:f4:b7:58:ec:4b:ff:28:06:d6:8f:ea:e3:37:0e:fd:56:0e:7c:0e:ea:db:28:85:37:61:43:17:c9:44:73:01:2a:70:33:00:cf:6f:a1:18:af:df:5e:2d:a0:68:86:2a:e9:fa:77:7c:bf:4e:b7:32:2b:5e:65:0d:08:1d:88:f4:fa:6e:23:88:e3:eb:15:2d:11:17:9c:39:74:9a:1c:4d:82:dd:32:37:b7:b0:88:72:f8:5b:19:4d:4e:ac:98:83:2d:b5:45:1c:4f:11:01:eb:6c:24:9c:9d:d9:85:ae:cc:1c:1d:f5:4d:e8:59:2e:19:37:38:e5:c1:02:d3:3a:22:69:a0:0a:52:2a:63:25:43:a3:95:7e:07:6b:ea:b4:53:23:5a:1c:c3:ea:b8:ff:00:f1:71:81:21:88:ba:0c:96:3c:b8:d8:0f:d6:af:05:f3:c9:43:03:91:c0:2d:64:74:e3:91:40:2e:48:b8:af:9f:8d:f8:9c:b7:18:5d:a9:4c:50:85:bc:b1:03:4b:92:c2:93:a9:51:f6:e8:c2:92:da:dd:87:45:5b:38:73:00:df:9a:d1:b3:99:64:8b:6e:04:41:97:ff:0e:aa:ea:b9:5c:b2:cd:11:42:0c:df:53:55:70:15:05:a4:a8:49,30:82:03:ef:30:82:02:d7:a0:03:02:01:02:02:09:00:89:ba:2d:ab:4a:e4:f3:62:30:0d:06:09:2a:86:48:86:f7:0d:01:01:05:05:00:30:81:8d:31:0b:30:09:06:03:55:04:06:13:02:55:53:31:13:30:11:06:03:55:04:08:0c:0a:43:61:6c:69:66:6f:72:6e:69:61:31:16:30:14:06:03:55:04:07:0c:0d:53:61:6e:20:46:72:61:6e:63:69:73:63:6f:31:1d:30:1b:06:03:55:04:0a:0c:14:4f:70:65:6e:20:57:68:69:73:70:65:72:20:53:79:73:74:65:6d:73:31:1d:30:1b:06:03:55:04:0b:0c:14:4f:70:65:6e:20:57:68:69:73:70:65:72:20:53:79:73:74:65:6d:73:31:13:30:11:06:03:55:04:03:0c:0a:54:65:78:74:53:65:63:75:72:65:30:1e:17:0d:31:33:30:33:32:35:32:32:31:38:33:35:5a:17:0d:32:33:30:33:32:33:32:32:31:38:33:35:5a:30:81:8d:31:0b:30:09:06:03:55:04:06:13:02:55:53:31:13:30:11:06:03:55:04:08:0c:0a:43:61:6c:69:66:6f:72:6e:69:61:31:16:30:14:06:03:55:04:07:0c:0d:53:61:6e:20:46:72:61:6e:63:69:73:63:6f:31:1d:30:1b:06:03:55:04:0a:0c:14:4f:70:65:6e:20:57:68:69:73:70:65:72:20:53:79:73:74:65:6d:73:31:1d:30:1b:06:03:55:04:0b:0c:14:4f:70:65:6e:20:57:68:69:73:70:65:72:20:53:79:73:74:65:6d:73:31:13:30:11:06:03:55:04:03:0c:0a:54:65:78:74:53:65:63:75:72:65:30:82:01:22:30:0d:06:09:2a:86:48:86:f7:0d:01:01:01:05:00:03:82:01:0f:00:30:82:01:0a:02:82:01:01:00:c1:49:60:69:38:20:43:17:48:b8:ab:67:78:8c:05:e4:49:75:06:a5:b7:96:ba:05:4f:40:28:da:2f:aa:83:f5:00:ce:c5:e5:b5:69:fb:df:3e:8f:3a:de:2e:82:ae:ad:4a:0f:11:e9:07:7e:84:c3:35:5c:8f:02:e4:15:32:0c:7a:8e:ed:f6:cd:45:42:89:40:b7:79:84:ad:5d:94:d2:f8:9e:e9:57:ac:fb:28:fa:82:b4:9f:c7:02:03:01:c7:6c:2a:62:34:6b:54:90:09:99:6b:dd:0d:6d:70:70:24:00:a1:51:c5:83:5a:c0:00:f2:a6:ce:41:f9:99:aa:72:07:fa:e7:74:d7:4b:9f:f4:20:f3:d0:2e:87:0b:9f:c1:96:2f:03:98:36:76:1f:06:f2:0b:28:33:08:b6:66:53:b4:46:ee:71:d8:a0:c4:40:3d:99:f2:2f:bc:70:03:11:bb:5e:2e:d5:60:c0:19:bd:47:9b:d5:be:dc:2b:0f:a0:82:c4:8d:e9:80:7e:c4:1f:b9:0c:3f:43:9d:f7:7c:0b:8a:cb:e7:d7:28:47:63:b1:6e:62:5a:e4:62:a7:64:32:f5:94:ac:aa:00:49:5c:38:8d:be:bd:bd:a7:89:09:47:54:f8:70:a8:5c:e4:8f:d4:f4:1c:2f:a5:9e:9c:d0:87:02:03:01:00:01:a3:50:30:4e:30:1d:06:03:55:1d:0e:04:16:04:14:01:8b:18:f1:3f:fb:39:19:44:6e:85:86:be:94:65:32:a7:32:3c:90:30:1f:06:03:55:1d:23:04:18:30:16:80:14:01:8b:18:f1:3f:fb:39:19:44:6e:85:86:be:94:65:32:a7:32:3c:90:30:0c:06:03:55:1d:13:04:05:30:03:01:01:ff:30:0d:06:09:2a:86:48:86:f7:0d:01:01:05:05:00:03:82:01:01:00:7e:1e:be:21:0b:9e:a6:d0:bb:c9:02:ed:51:2b:a3:6e:3c:36:d3:30:43:7b:fe:33:28:8c:51:f1:1f:83:f7:5c:f1:5f:ba:98:d1:f9:b9:03:ab:4a:4f:39:4e:89:8c:8c:67:ac:3d:57:0f:f1:15:99:34:da:4d:56:39:88:e8:5e:ca:fe:d4:cc:93:9e:7d:bd:a9:2c:e7:3d:aa:cb:af:23:87:e7:68:44:a1:f5:b8:73:96:7f:8b:5f:1b:42:ad:13:c6:86:4c:40:d4:83:08:a3:72:7f:b3:65:85:fc:a5:58:67:27:22:bb:a6:f8:b9:b2:7d:d5:73:c0:b8:13:59:c0:89:ae:83:bf:ec:ad:6b:db:a6:4d:21:ab:a0:3a:cf:5e:34:59:35:52:2a:d2:46:ec:43:f8:d6:42:5e:fe:81:78:ba:c6:39:27:b2:cf:93:12:b7:2d:6c:cc:26:76:f9:10:82:43:99:1b:f2:1f:ca:72:47:05:a0:e9:09:ba:aa:21:85:68:8e:27:2f:c4:14:e0:b6:b5:c7:67:a7:e0:31:97:45:a2:cc:3d:1c:23:10:b3:60:40:fa:1d:47:7f:33:a0:23:2e:03:c8:07:65:f6:58:62:86:7b:0f:b4:35:c0:d5:22:54:77:31:b8:5a:c4:78:16:98:25:b2:c4:af:02:d5
192.168.10.160;13.248.212.111;58715;443;1;0x00000303;4865,4866,4867,49195,49196,52393,49199,49200,52392;0,23,65281,10,11,35,16,5,13,51,45,43,21;textsecure-service.whispersystems.org;0x0000001d,0x00000017,0x00000018;0;
13.248.212.111;192.168.10.160;443;58715;2;0x00000303;49199;65281,11,35,16;;;0,1,2;
13.248.212.111;192.168.10.160;443;58715;11,12,14;;;;;;;30:82:03:e3:30:82:02:cb:a0:03:02:01:02:02:02:10:18:30:0d:06:09:2a:86:48:86:f7:0d:01:01:0b:05:00:30:81:8d:31:0b:30:09:06:03:55:04:06:13:02:55:53:31:13:30:11:06:03:55:04:08:0c:0a:43:61:6c:69:66:6f:72:6e:69:61:31:16:30:14:06:03:55:04:07:0c:0d:53:61:6e:20:46:72:61:6e:63:69:73:63:6f:31:1d:30:1b:06:03:55:04:0a:0c:14:4f:70:65:6e:20:57:68:69:73:70:65:72:20:53:79:73:74:65:6d:73:31:1d:30:1b:06:03:55:04:0b:0c:14:4f:70:65:6e:20:57:68:69:73:70:65:72:20:53:79:73:74:65:6d:73:31:13:30:11:06:03:55:04:03:0c:0a:54:65:78:74:53:65:63:75:72:65:30:1e:17:0d:31:39:30:32:31:35:31:37:33:38:31:37:5a:17:0d:32:39:30:33:31:32:31:38:32:30:32:30:5a:30:81:90:31:0b:30:09:06:03:55:04:06:13:02:55:53:31:13:30:11:06:03:55:04:08:0c:0a:43:61:6c:69:66:6f:72:6e:69:61:31:1d:30:1b:06:03:55:04:0a:0c:14:4f:70:65:6e:20:57:68:69:73:70:65:72:20:53:79:73:74:65:6d:73:31:1d:30:1b:06:03:55:04:0b:0c:14:4f:70:65:6e:20:57:68:69:73:70:65:72:20:53:79:73:74:65:6d:73:31:2e:30:2c:06:03:55:04:03:0c:25:74:65:78:74:73:65:63:75:72:65:2d:73:65:72:76:69:63:65:2e:77:68:69:73:70:65:72:73:79:73:74:65:6d:73:2e:6f:72:67:30:82:01:22:30:0d:06:09:2a:86:48:86:f7:0d:01:01:01:05:00:03:82:01:0f:00:30:82:01:0a:02:82:01:01:00:ac:c8:11:b5:d1:45:b7:c0:a2:cb:cf:93:89:9a:80:75:b3:b0:78:70:3b:3b:bb:3a:7e:c4:03:8c:71:a9:58:87:6c:de:28:c7:88:e5:e4:b8:7d:9a:ee:a7:55:6d:1e:06:fc:5c:f7:34:0a:3c:6d:22:8e:04:09:37:f4:95:e7:78:c5:c2:3a:aa:b6:be:09:61:3b:07:cc:ab:3a:6e:01:e5:60:7e:ac:5b:75:c7:c5:e3:e3:e4:91:4a:49:25:d6:63:b9:4a:34:04:95:97:92:a4:4a:68:5a:89:82:2d:10:f1:31:bd:2a:0f:07:d6:cd:c2:ea:62:c5:9e:40:7b:48:88:13:f3:58:40:0e:b2:65:7a:50:4d:8d:1d:05:4d:25:d6:ad:29:41:e5:f3:2d:7a:a0:25:eb:53:87:34:97:af:a8:f9:b2:83:4e:d8:ac:91:a0:c0:4d:6c:8e:36:7c:f5:18:bd:64:42:39:47:f2:50:d2:36:7d:bd:ea:b2:e6:43:f9:04:3b:60:ac:65:e6:18:03:05:4f:28:34:23:4d:f3:4b:0d:5a:38:61:e6:71:44:39:61:a3:e6:5c:65:d6:a6:13:92:9d:ec:58:92:46:60:3e:9c:b9:00:c9:d4:3a:d2:28:d6:c3:51:69:ec:94:87:be:c2:f6:5f:4f:1f:7e:92:6d:02:03:01:00:01:a3:48:30:46:30:44:06:03:55:1d:11:04:3d:30:3b:82:25:74:65:78:74:73:65:63:75:72:65:2d:73:65:72:76:69:63:65:2e:77:68:69:73:70:65:72:73:79:73:74:65:6d:73:2e:6f:72:67:82:12:73:65:72:76:69:63:65:2e:73:69:67:6e:61:6c:2e:6f:72:67:30:0d:06:09:2a:86:48:86:f7:0d:01:01:0b:05:00:03:82:01:01:00:29:6b:2e:47:bc:f7:0c:3f:e1:c4:da:f4:b7:58:ec:4b:ff:28:06:d6:8f:ea:e3:37:0e:fd:56:0e:7c:0e:ea:db:28:85:37:61:43:17:c9:44:73:01:2a:70:33:00:cf:6f:a1:18:af:df:5e:2d:a0:68:86:2a:e9:fa:77:7c:bf:4e:b7:32:2b:5e:65:0d:08:1d:88:f4:fa:6e:23:88:e3:eb:15:2d:11:17:9c:39:74:9a:1c:4d:82:dd:32:37:b7:b0:88:72:f8:5b:19:4d:4e:ac:98:83:2d:b5:45:1c:4f:11:01:eb:6c:24:9c:9d:d9:85:ae:cc:1c:1d:f5:4d:e8:59:2e:19:37:38:e5:c1:02:d3:3a:22:69:a0:0a:52:2a:63:25:43:a3:95:7e:07:6b:ea:b4:53:23:5a:1c:c3:ea:b8:ff:00:f1:71:81:21:88:ba:0c:96:3c:b8:d8:0f:d6:af:05:f3:c9:43:03:91:c0:2d:64:74:e3:91:40:2e:48:b8:af:9f:8d:f8:9c:b7:18:5d:a9:4c:50:85:bc:b1:03:4b:92:c2:93:a9:51:f6:e8:c2:92:da:dd:87:45:5b:38:73:00:df:9a:d1:b3:99:64:8b:6e:04:41:97:ff:0e:aa:ea:b9:5c:b2:cd:11:42:0c:df:53:55:70:15:05:a4:a8:49,30:82:03:ef:30:82:02:d7:a0:03:02:01:02:02:09:00:89:ba:2d:ab:4a:e4:f3:62:30:0d:06:09:2a:86:48:86:f7:0d:01:01:05:05:00:30:81:8d:31:0b:30:09:06:03:55:04:06:13:02:55:53:31:13:30:11:06:03:55:04:08:0c:0a:43:61:6c:69:66:6f:72:6e:69:61:31:16:30:14:06:03:55:04:07:0c:0d:53:61:6e:20:46:72:61:6e:63:69:73:63:6f:31:1d:30:1b:06:03:55:04:0a:0c:14:4f:70:65:6e:20:57:68:69:73:70:65:72:20:53:79:73:74:65:6d:73:31:1d:30:1b:06:03:55:04:0b:0c:14:4f:70:65:6e:20:57:68:69:73:70:65:72:20:53:79:73:74:65:6d:73:31:13:30:11:06:03:55:04:03:0c:0a:54:65:78:74:53:65:63:75:72:65:30:1e:17:0d:31:33:30:33:32:35:32:32:31:38:33:35:5a:17:0d:32:33:30:33:32:33:32:32:31:38:33:35:5a:30:81:8d:31:0b:30:09:06:03:55:04:06:13:02:55:53:31:13:30:11:06:03:55:04:08:0c:0a:43:61:6c:69:66:6f:72:6e:69:61:31:16:30:14:06:03:55:04:07:0c:0d:53:61:6e:20:46:72:61:6e:63:69:73:63:6f:31:1d:30:1b:06:03:55:04:0a:0c:14:4f:70:65:6e:20:57:68:69:73:70:65:72:20:53:79:73:74:65:6d:73:31:1d:30:1b:06:03:55:04:0b:0c:14:4f:70:65:6e:20:57:68:69:73:70:65:72:20:53:79:73:74:65:6d:73:31:13:30:11:06:03:55:04:03:0c:0a:54:65:78:74:53:65:63:75:72:65:30:82:01:22:30:0d:06:09:2a:86:48:86:f7:0d:01:01:01:05:00:03:82:01:0f:00:30:82:01:0a:02:82:01:01:00:c1:49:60:69:38:20:43:17:48:b8:ab:67:78:8c:05:e4:49:75:06:a5:b7:96:ba:05:4f:40:28:da:2f:aa:83:f5:00:ce:c5:e5:b5:69:fb:df:3e:8f:3a:de:2e:82:ae:ad:4a:0f:11:e9:07:7e:84:c3:35:5c:8f:02:e4:15:32:0c:7a:8e:ed:f6:cd:45:42:89:40:b7:79:84:ad:5d:94:d2:f8:9e:e9:57:ac:fb:28:fa:82:b4:9f:c7:02:03:01:c7:6c:2a:62:34:6b:54:90:09:99:6b:dd:0d:6d:70:70:24:00:a1:51:c5:83:5a:c0:00:f2:a6:ce:41:f9:99:aa:72:07:fa:e7:74:d7:4b:9f:f4:20:f3:d0:2e:87:0b:9f:c1:96:2f:03:98:36:76:1f:06:f2:0b:28:33:08:b6:66:53:b4:46:ee:71:d8:a0:c4:40:3d:99:f2:2f:bc:70:03:11:bb:5e:2e:d5:60:c0:19:bd:47:9b:d5:be:dc:2b:0f:a0:82:c4:8d:e9:80:7e:c4:1f:b9:0c:3f:43:9d:f7:7c:0b:8a:cb:e7:d7:28:47:63:b1:6e:62:5a:e4:62:a7:64:32:f5:94:ac:aa:00:49:5c:38:8d:be:bd:bd:a7:89:09:47:54:f8:70:a8:5c:e4:8f:d4:f4:1c:2f:a5:9e:9c:d0:87:02:03:01:00:01:a3:50:30:4e:30:1d:06:03:55:1d:0e:04:16:04:14:01:8b:18:f1:3f:fb:39:19:44:6e:85:86:be:94:65:32:a7:32:3c:90:30:1f:06:03:55:1d:23:04:18:30:16:80:14:01:8b:18:f1:3f:fb:39:19:44:6e:85:86:be:94:65:32:a7:32:3c:90:30:0c:06:03:55:1d:13:04:05:30:03:01:01:ff:30:0d:06:09:2a:86:48:86:f7:0d:01:01:05:05:00:03:82:01:01:00:7e:1e:be:21:0b:9e:a6:d0:bb:c9:02:ed:51:2b:a3:6e:3c:36:d3:30:43:7b:fe:33:28:8c:51:f1:1f:83:f7:5c:f1:5f:ba:98:d1:f9:b9:03:ab:4a:4f:39:4e:89:8c:8c:67:ac:3d:57:0f:f1:15:99:34:da:4d:56:39:88:e8:5e:ca:fe:d4:cc:93:9e:7d:bd:a9:2c:e7:3d:aa:cb:af:23:87:e7:68:44:a1:f5:b8:73:96:7f:8b:5f:1b:42:ad:13:c6:86:4c:40:d4:83:08:a3:72:7f:b3:65:85:fc:a5:58:67:27:22:bb:a6:f8:b9:b2:7d:d5:73:c0:b8:13:59:c0:89:ae:83:bf:ec:ad:6b:db:a6:4d:21:ab:a0:3a:cf:5e:34:59:35:52:2a:d2:46:ec:43:f8:d6:42:5e:fe:81:78:ba:c6:39:27:b2:cf:93:12:b7:2d:6c:cc:26:76:f9:10:82:43:99:1b:f2:1f:ca:72:47:05:a0:e9:09:ba:aa:21:85:68:8e:27:2f:c4:14:e0:b6:b5:c7:67:a7:e0:31:97:45:a2:cc:3d:1c:23:10:b3:60:40:fa:1d:47:7f:33:a0:23:2e:03:c8:07:65:f6:58:62:86:7b:0f:b4:35:c0:d5:22:54:77:31:b8:5a:c4:78:16:98:25:b2:c4:af:02:d5
