JA3;JA3S;Cerificate;SNI;Application
e1330d9d9c9fe3586c1c8c08ffedf63e;eb1d94daa7e0344597e756a1fb6e7054;d41d8cd98f00b204e9800998ecf8427e;eu-client.fwf.deliveryhero.net;damejidlo
0529055d554c9da011b745452211c296;f80c5554d4ade9af3f0462be80bbf9d1;616be241dafc32ca6c7783df4d593aaa;geocoder.deliveryhero.io;damejidlo
e1330d9d9c9fe3586c1c8c08ffedf63e;eb1d94daa7e0344597e756a1fb6e7054;d41d8cd98f00b204e9800998ecf8427e;disco.deliveryhero.io;damejidlo
e1330d9d9c9fe3586c1c8c08ffedf63e;331b5123a1eab3b045a3961e24e21553;616be241dafc32ca6c7783df4d593aaa;images.deliveryhero.io;damejidlo
0529055d554c9da011b745452211c296;331b5123a1eab3b045a3961e24e21553;5d3eb559e0ec6cd4471d15a2c1e3c3f9;eu-client.fwf.deliveryhero.net;damejidlo
0529055d554c9da011b745452211c296;f80c5554d4ade9af3f0462be80bbf9d1;5d3eb559e0ec6cd4471d15a2c1e3c3f9;eu-client.fwf.deliveryhero.net;damejidlo
fada0859379fec2c87b490b8203dc520;331b5123a1eab3b045a3961e24e21553;046ade52d0c4709fccc94b34806f59f6;dl.discordapp.net;discord
fada0859379fec2c87b490b8203dc520;331b5123a1eab3b045a3961e24e21553;5964c514e5ad6019bf9047c63fd01fa9;discord.com;discord
fada0859379fec2c87b490b8203dc520;f80c5554d4ade9af3f0462be80bbf9d1;046ade52d0c4709fccc94b34806f59f6;dl.discordapp.net;discord
fada0859379fec2c87b490b8203dc520;f80c5554d4ade9af3f0462be80bbf9d1;b5f948c4190d09a563f2d00dba189ce5;gateway.discord.gg;discord
6843b11c3d8a4b8f4c41a833fc236ee4;331b5123a1eab3b045a3961e24e21553;10c4acd9d7b4a047a62367e974d598e2;cdn.discordapp.com;discord
6843b11c3d8a4b8f4c41a833fc236ee4;331b5123a1eab3b045a3961e24e21553;21322ce871d3f19512e6f5005d86a116;media.discordapp.net;discord
fada0859379fec2c87b490b8203dc520;4e3362a4d6bdc0739bcf48fe32243a69;d41d8cd98f00b204e9800998ecf8427e;api.pinterest.com;pinterest
fada0859379fec2c87b490b8203dc520;182b31efa088c7665b13d7d04d80fef0;110c832cc08edafb181f17c3d99af156;trk.pinterest.com;pinterest
fada0859379fec2c87b490b8203dc520;4e3362a4d6bdc0739bcf48fe32243a69;c69246898aaa50b24312843d5df2acb7;api.pinterest.com;pinterest
fada0859379fec2c87b490b8203dc520;05c6c275b10b37e3d5561f48e80d659c;afb30c909dc684ee467df2b9ac2d25a0;accounts.reddit.com;reddit
fada0859379fec2c87b490b8203dc520;05c6c275b10b37e3d5561f48e80d659c;c4b1bca1d6e12301a01de60cecdaf95b;www.redditstatic.com;reddit
fada0859379fec2c87b490b8203dc520;05c6c275b10b37e3d5561f48e80d659c;946be344b08342ebe10e4cd00e3c2fb2;emoji.redditmedia.com;reddit
fada0859379fec2c87b490b8203dc520;05c6c275b10b37e3d5561f48e80d659c;946be344b08342ebe10e4cd00e3c2fb2;styles.redditmedia.com;reddit
fada0859379fec2c87b490b8203dc520;05c6c275b10b37e3d5561f48e80d659c;7be32e597ca18385385613d8fa688967;b.thumbs.redditmedia.com;reddit
fada0859379fec2c87b490b8203dc520;05c6c275b10b37e3d5561f48e80d659c;afb30c909dc684ee467df2b9ac2d25a0;gql.reddit.com;reddit
fada0859379fec2c87b490b8203dc520;05c6c275b10b37e3d5561f48e80d659c;7be32e597ca18385385613d8fa688967;a.thumbs.redditmedia.com;reddit
fada0859379fec2c87b490b8203dc520;05c6c275b10b37e3d5561f48e80d659c;afb30c909dc684ee467df2b9ac2d25a0;e.reddit.com;reddit
fada0859379fec2c87b490b8203dc520;05c6c275b10b37e3d5561f48e80d659c;afb30c909dc684ee467df2b9ac2d25a0;gateway.reddit.com;reddit
fada0859379fec2c87b490b8203dc520;4eb9934558faa4e61eb16ef5e93574f0;251398d9c11f1564f76d1f5001e9c321;node.bolt.eu;boltfood
fada0859379fec2c87b490b8203dc520;4bda41cc2e8a9e73490780a4606506b5;f679d082e663d2067545599d93aebd9f;oauth.rossmann.cz;rossmanclub
fada0859379fec2c87b490b8203dc520;4bda41cc2e8a9e73490780a4606506b5;d890df5558cea60a800fdce3afc78a9c;mbe.rossmann.cz;rossmanclub
ea5b3796ced17d2986453a875a5b667c;f4febc55ea12b31ae17cfb7e614afda8;d41d8cd98f00b204e9800998ecf8427e;cdn.signal.org;signal
ea5b3796ced17d2986453a875a5b667c;20c4fa904f1b77fd5e65084838cdfb5a;f35c2cb65fd9b3a9013bd7a63bed5720;textsecure-service.whispersystems.org;signal
fada0859379fec2c87b490b8203dc520;97da4430447d2f20313f4c2c4241a6ca;07f5bee2e3909e46b4638b0278e78ae7;static.twitchcdn.net;twitch
fada0859379fec2c87b490b8203dc520;05c6c275b10b37e3d5561f48e80d659c;9dae759120ccd3a7d4d7db21f9899f33;gql.twitch.tv;twitch
fada0859379fec2c87b490b8203dc520;20c4fa904f1b77fd5e65084838cdfb5a;3dad4476bea1cc2c5f00b90b40bacb8e;passport.twitch.tv;twitch
fada0859379fec2c87b490b8203dc520;1887cb4aeb10352a9d71f2257b723cba;8d7f27691dea49510a9469702f6f1ae2;www.zalando.de;zalando
fada0859379fec2c87b490b8203dc520;0f1028b4dae2a7a6a69b7b60f1cd135e;984fecdc6d3723c8d199352954987145;tracing.stups.zalan.do;zalando
fada0859379fec2c87b490b8203dc520;1887cb4aeb10352a9d71f2257b723cba;8d7f27691dea49510a9469702f6f1ae2;en.zalando.de;zalando
fada0859379fec2c87b490b8203dc520;1887cb4aeb10352a9d71f2257b723cba;8d7f27691dea49510a9469702f6f1ae2;www.zalando.co.uk;zalando
fada0859379fec2c87b490b8203dc520;ff0b61a3423b5e9ffcb181d3810db134;9630be5d183145b6135a0f67c5ae5dad;api.zonky.cz;zonky
49d26d7a064907d4cff0336a7d5fcbb3;f0f641a8d49020d5e5e5eb1f7be9166f;8cae57abd84b137832f32206cc817d94;zonky.cz;zonky
6843b11c3d8a4b8f4c41a833fc236ee4;ff0b61a3423b5e9ffcb181d3810db134;9630be5d183145b6135a0f67c5ae5dad;api.zonky.cz;zonky
49d26d7a064907d4cff0336a7d5fcbb3;b413bf7202b1245fbcbd52913bce9865;8cae57abd84b137832f32206cc817d94;zonky.cz;zonky
49d26d7a064907d4cff0336a7d5fcbb3;fd478200de5839a3178b3d0372295909;da47e95728d1e70361fb8e843d2c711a;zonky.my.salesforce.com;zonky
deebb34679ce9b8698db8893884a5d9b;f0f641a8d49020d5e5e5eb1f7be9166f;8cae57abd84b137832f32206cc817d94;app.zonky.cz;zonky
